latitude,longitude,Amenity
-33.8726959,151.2053533,Fast food
-33.8752145,151.2063707,Fast food
-33.8692467,151.2068015,Fast food
-33.8688387,151.2055847,Fast food
-33.8659704,151.2071808,Fast food
-33.8744316,151.2017956,Fast food
-33.8719511,151.1987067,Fast food
-33.8719244,151.1988945,Fast food
-33.8718599,151.1988086,Fast food
-33.8618326,151.2103851,Fast food
-33.8796726,151.2068286,Fast food
-33.8814298,151.2050526,Fast food
-33.872037,151.2094332,Fast food
-33.8773691,151.2070607,Fast food
-33.8744877,151.2066018,Fast food
-33.87293,151.2079897,Fast food
-33.873366,151.2087719,Fast food
-33.875508,151.206659,Fast food
-33.8725417,151.2075059,Fast food
-33.872409,151.2072356,Fast food
-33.8763585,151.2068548,Fast food
-33.8765709,151.2082518,Fast food
-33.879102,151.2035442,Fast food
-33.8791648,151.2035501,Fast food
-33.8792823,151.2036047,Fast food
-33.8792231,151.2035647,Fast food
-33.8659213,151.2050277,Fast food
-33.8613482,151.2114901,Fast food
-33.8678465,151.209253,Fast food
-33.8642728,151.2056205,Fast food
-33.8617844,151.2097688,Fast food
-33.8576101,151.2090641,Fast food
-33.8615218,151.2114816,Fast food
-33.8614998,151.2112048,Fast food
-33.8613841,151.2110173,Fast food
-33.8614937,151.211145,Fast food
-33.8798053,151.2059921,Fast food
-33.8830665,151.203526,Fast food
-33.8766178,151.2079254,Fast food
-33.8609893,151.2109902,Fast food
-33.8804568,151.2052383,Fast food
-33.8805158,151.2052183,Fast food
-33.8768589,151.2074143,Fast food
-33.8837627,151.2040751,Fast food
-33.8781991,151.2016366,Fast food
-33.8781875,151.2017105,Fast food
-33.8754159,151.2066293,Fast food
-33.8760541,151.2060412,Fast food
-33.8643552,151.2089645,Fast food
-33.8634513,151.2076836,Fast food
-33.8634866,151.2077242,Fast food
-33.8635252,151.2077198,Fast food
-33.8635673,151.2077165,Fast food
-33.8682187,151.2089376,Fast food
-33.8680037,151.209579,Fast food
-33.8680453,151.2095731,Fast food
-33.8656616,151.2061982,Fast food
-33.8645941,151.2026271,Fast food
-33.8653993,151.2013935,Fast food
-33.867461,151.2020521,Fast food
-33.8662528,151.208398,Fast food
-33.8720066,151.2074751,Fast food
-33.8662521,151.20835,Fast food
-33.8673221,151.2108427,Fast food
-33.8673311,151.2108979,Fast food
-33.8638264,151.2034606,Fast food
-33.863771,151.203457,Fast food
-33.8837391,151.2040312,Fast food
-33.8618318,151.2100228,Fast food
-33.8619387,151.2099584,Fast food
-33.872494,151.2073387,Fast food
-33.8777055,151.2035536,Fast food
-33.8789026,151.207052,Fast food
-33.8611636,151.2120825,Fast food
-33.8579511,151.2085588,Fast food
-33.8778406,151.202162,Fast food
-33.88526233,151.2066281,Fast food
-33.884217,151.1952191,Fast food
-33.8837268,151.2025025,Fast food
-33.8836639,151.2026067,Fast food
-33.8841518,151.1968727,Fast food
-33.8815014,151.1982953,Fast food
-33.8841598,151.195913,Fast food
-33.88206786,151.198972,Fast food
-33.8913094,151.1959167,Fast food
-33.8895345,151.1910903,Fast food
-33.8910349,151.1960694,Fast food
-33.8914104,151.195536,Fast food
-33.8845947,151.200627,Fast food
-33.8851278,151.2020165,Fast food
-33.885293,151.2021055,Fast food
-33.8850752,151.202058,Fast food
-33.8849602,151.2020343,Fast food
-33.8850335,151.2019277,Fast food
-33.8676034,151.192038,Fast food
-33.8699442,151.1939019,Fast food
-33.8707023,151.1946651,Fast food
-33.8699123,151.1942364,Fast food
-33.8710212,151.1948614,Fast food
-33.8698219,151.1976026,Fast food
-33.8692707,151.1960039,Fast food
-33.8690709,151.1959929,Fast food
-33.8748822,151.2181461,Fast food
-33.8876646,151.2112666,Fast food
-33.8861761,151.2078776,Fast food
-33.8763079,151.2215532,Fast food
-33.880015,151.2159114,Fast food
-33.8806037,151.215074,Fast food
-33.8780196,151.2134301,Fast food
-33.8780976,151.2135314,Fast food
-33.8912616,151.2129985,Fast food
-33.8913017,151.2129886,Fast food
-33.8900414,151.2132285,Fast food
-33.8805961,151.216545,Fast food
-33.8789449,151.2151248,Fast food
-33.8853595,151.2073424,Fast food
-33.8838419,151.2095262,Fast food
-33.8808617,151.2089245,Fast food
-33.8811564,151.2088844,Fast food
-33.8895773,151.2062776,Fast food
-33.8747849,151.2231537,Fast food
-33.8747339,151.2228483,Fast food
-33.8750205,151.2224995,Fast food
-33.8746921,151.2228084,Fast food
-33.8730271,151.2224519,Fast food
-33.8693338,151.2218998,Fast food
-33.8714796,151.2249932,Fast food
-33.8736341,151.2235313,Fast food
-33.86925428,151.2211822,Fast food
-33.9125179,151.2014204,Fast food
-33.9121723,151.2009457,Fast food
-33.9049631,151.1896591,Fast food
-33.8926549,151.202032,Fast food
-33.892603,151.2017722,Fast food
-33.8925968,151.2016247,Fast food
-33.9015786,151.21458,Fast food
-33.8962055,151.1992872,Fast food
-33.9059408,151.2032513,Fast food
-33.9057171,151.2035809,Fast food
-33.8975466,151.2132575,Fast food
-33.8974464,151.2132628,Fast food
-33.9025635,151.2034231,Fast food
-33.9032692,151.2096939,Fast food
-33.9032974,151.2096742,Fast food
-33.9055713,151.2035695,Fast food
-33.901708,151.2018182,Fast food
-33.9153625,151.2007663,Fast food
-33.91534057,151.2009658,Fast food
-33.9229749,151.1878443,Fast food
-33.9242704,151.1875421,Fast food
-33.9368726,151.1663622,Fast food
-33.9369801,151.1663996,Fast food
-33.9371609,151.1663704,Fast food
-33.9372378,151.1663596,Fast food
-33.9373208,151.166314,Fast food
-33.9377137,151.1659791,Fast food
-33.9370911,151.1664054,Fast food
-33.9356953,151.1662584,Fast food
-33.9363979,151.1678601,Fast food
-33.9341926,151.1792462,Fast food
-33.922574,151.1871499,Fast food
-33.9370503,151.1686952,Fast food
-33.93283692,151.1881263,Fast food
-33.94493632,151.1846728,Fast food
-33.93275927,151.1886078,Fast food
-33.93290736,151.1898951,Fast food
-33.8943205,151.2259698,Fast food
-33.8941072,151.2260606,Fast food
-33.8943934,151.226315,Fast food
-33.8944756,151.2264101,Fast food
-33.9010638,151.2338499,Fast food
-33.8856221,151.2285186,Fast food
-33.8920041,151.2513599,Fast food
-33.8909815,151.2449924,Fast food
-33.8935752,151.2493662,Fast food
-33.8930008,151.2495024,Fast food
-33.8918072,151.2475713,Fast food
-33.8902447,151.242594,Fast food
-33.8944621,151.2502123,Fast food
-33.8912097,151.2483036,Fast food
-33.8927258,151.2499482,Fast food
-33.8925907,151.2483225,Fast food
-33.8920446,151.2482667,Fast food
-33.9021378,151.2548104,Fast food
-33.8895692,151.2829899,Fast food
-33.8903114,151.2772365,Fast food
-33.8892274,151.2744343,Fast food
-33.8893571,151.2747171,Fast food
-33.890305,151.2748264,Fast food
-33.890512,151.2746936,Fast food
-33.8903823,151.274505,Fast food
-33.8906711,151.2743871,Fast food
-33.8907948,151.2743754,Fast food
-33.8908773,151.274234,Fast food
-33.8910568,151.2739774,Fast food
-33.892599,151.2728423,Fast food
-33.8896965,151.2805345,Fast food
-33.8936712,151.2611854,Fast food
-33.8943883,151.2676294,Fast food
-33.8906067,151.274462,Fast food
-33.8860709,151.2733852,Fast food
-33.8893124,151.2758062,Fast food
-33.8852249,151.2739917,Fast food
-33.8937675,151.2619204,Fast food
-33.8935766,151.2605992,Fast food
-33.89408125,151.2633886,Fast food
-33.871097,151.2384314,Fast food
-33.8778406,151.2425459,Fast food
-33.8775839,151.2428641,Fast food
-33.8774894,151.243114,Fast food
-33.8769917,151.2418693,Fast food
-33.8704331,151.2689317,Fast food
-33.873854,151.273146,Fast food
-33.8434202,151.2817171,Fast food
-33.9153351,151.2403239,Fast food
-33.914547,151.2402626,Fast food
-33.9146473,151.2403079,Fast food
-33.9140542,151.2400788,Fast food
-33.90761,151.2489069,Fast food
-33.9130555,151.242283,Fast food
-33.9135113,151.2398261,Fast food
-33.9149136,151.2404399,Fast food
-33.9211884,151.2265835,Fast food
-33.9261636,151.2313101,Fast food
-33.9201878,151.2267859,Fast food
-33.91982521,151.2274376,Fast food
-33.917294,151.2304856,Fast food
-33.917409,151.2344719,Fast food
-33.9170688,151.2340859,Fast food
-33.9167679,151.2327466,Fast food
-33.9117081,151.223545,Fast food
-33.9188401,151.2261448,Fast food
-33.9132001,151.2244777,Fast food
-33.9084451,151.2237566,Fast food
-33.9086176,151.2237302,Fast food
-33.9206901,151.2564447,Fast food
-33.9202656,151.2565459,Fast food
-33.9206634,151.2547442,Fast food
-33.9146725,151.2494901,Fast food
-33.9188234,151.257621,Fast food
-33.918816,151.2575635,Fast food
-33.9206994,151.2565433,Fast food
-33.9206704,151.2563611,Fast food
-33.9203298,151.2540514,Fast food
-33.9207922,151.2557106,Fast food
-33.9207825,151.2556531,Fast food
-33.9206321,151.2545853,Fast food
-33.9334036,151.2379537,Fast food
-33.9428002,151.2399821,Fast food
-33.94189552,151.2389594,Fast food
-33.93984972,151.229051,Fast food
-33.8842843,151.1941485,Fast food
-33.8835202,151.1938311,Fast food
-33.8858705,151.157483,Fast food
-33.892998,151.1842418,Fast food
-33.8941,151.182996,Fast food
-33.8941571,151.1825524,Fast food
-33.897954,151.177356,Fast food
-33.8963407,151.1798485,Fast food
-33.8937945,151.1829328,Fast food
-33.8949813,151.1824143,Fast food
-33.8990785,151.1726043,Fast food
-33.8991006,151.1725027,Fast food
-33.8949898,151.1817784,Fast food
-33.8948214,151.1819551,Fast food
-33.8950598,151.1821051,Fast food
-33.9000048,151.1851787,Fast food
-33.8993339,151.1829674,Fast food
-33.9264014,151.1592655,Fast food
-33.9203224,151.1676865,Fast food
-33.91467414,151.1774806,Fast food
-33.91432121,151.1779825,Fast food
-33.8846316,151.136293,Fast food
-33.8501667,151.1534665,Fast food
-33.8882099,151.1720332,Fast food
-33.8948205,151.1641787,Fast food
-33.8929669,151.164303,Fast food
-33.8887403,151.1713634,Fast food
-33.8968106,151.1515861,Fast food
-33.8966467,151.1520066,Fast food
-33.8868301,151.1771825,Fast food
-33.8406829,151.207325,Fast food
-33.8389318,151.2073795,Fast food
-33.8388284,151.2076834,Fast food
-33.839148,151.2081029,Fast food
-33.8469967,151.2130403,Fast food
-33.8459245,151.2128471,Fast food
-33.8456119,151.2127731,Fast food
-33.8108736,151.2114523,Fast food
-33.8092718,151.1851365,Fast food
-33.8084576,151.1839688,Fast food
-33.8089275,151.184656,Fast food
-33.8250187,151.2010783,Fast food
-33.8224303,151.1944665,Fast food
-33.8237829,151.1945694,Fast food
-33.831661,151.1861724,Fast food
-33.823785,151.1938638,Fast food
-33.8223257,151.1944515,Fast food
-33.8133109,151.1701579,Fast food
-33.81092296,151.1759136,Fast food
-33.81415779,151.1694374,Fast food
-33.7965992,151.1841737,Fast food
-33.7963735,151.1806539,Fast food
-33.7959451,151.1835293,Fast food
-33.7988828,151.1797798,Fast food
-33.7975438,151.1809693,Fast food
-33.7966319,151.1840168,Fast food
-33.7964457,151.1840089,Fast food
-33.7964681,151.1841331,Fast food
-33.7965661,151.1841674,Fast food
-33.7965929,151.1842191,Fast food
-33.7965648,151.1839846,Fast food
-33.7965262,151.1841604,Fast food
-33.7950183,151.1881159,Fast food
-33.7951328,151.18808,Fast food
-33.7973451,151.1809504,Fast food
-33.7947768,151.1860416,Fast food
-33.7950146,151.186154,Fast food
-33.7951937,151.188213,Fast food
-33.7950188,151.1865178,Fast food
-33.7940894,151.1864076,Fast food
-33.7970251,151.184309,Fast food
-33.7970262,151.1842153,Fast food
-33.7970478,151.1842864,Fast food
-33.794656,151.1865056,Fast food
-33.79586717,151.1841064,Fast food
-33.79687543,151.181287,Fast food
-33.79674461,151.1809657,Fast food
-33.79750864,151.1813603,Fast food
-33.79740288,151.1813459,Fast food
-33.79690903,151.1810627,Fast food
-33.7962636,151.1810299,Fast food
-33.79611455,151.1810169,Fast food
-33.79647393,151.1811472,Fast food
-33.7930305,151.1956242,Fast food
-33.7763294,151.1685778,Fast food
-33.7552455,151.1527652,Fast food
-33.7562107,151.1536529,Fast food
-33.745179,151.1425754,Fast food
-33.7608148,151.1282403,Fast food
-33.7330591,151.1304858,Fast food
-33.7490073,151.1120473,Fast food
-33.7295337,151.1588156,Fast food
-33.7298197,151.1616998,Fast food
-33.7298365,151.1616638,Fast food
-33.7297165,151.1618268,Fast food
-33.7184679,151.1173001,Fast food
-33.7310765,151.1044879,Fast food
-33.7186233,151.1172899,Fast food
-33.6764174,151.0986084,Fast food
-33.702968,151.1012508,Fast food
-33.7030789,151.101301,Fast food
-33.71046,151.1022911,Fast food
-33.7038134,151.1000173,Fast food
-33.7036627,151.100514,Fast food
-33.7017458,151.0998102,Fast food
-33.7068362,151.109994,Fast food
-33.70327391,151.097694,Fast food
-33.68713357,151.1085119,Fast food
-33.70893452,151.100946,Fast food
-33.70629636,151.0987118,Fast food
-33.671279,151.1144262,Fast food
-33.6766143,151.1120743,Fast food
-33.67852659,151.1111231,Fast food
-33.6227915,151.152545,Fast food
-33.62334537,151.1518818,Fast food
-33.54732157,151.2266112,Fast food
-33.7515617,151.2441985,Fast food
-33.751128,151.2443224,Fast food
-33.7511035,151.2441146,Fast food
-33.7504016,151.2247849,Fast food
-33.7502832,151.2237824,Fast food
-33.7621047,151.2142831,Fast food
-33.7622637,151.2142394,Fast food
-33.8440639,151.2406252,Fast food
-33.8281292,151.2307437,Fast food
-33.8266743,151.2513281,Fast food
-33.8319974,151.2385949,Fast food
-33.8242599,151.2414896,Fast food
-33.82983504,151.2268096,Fast food
-33.783864,151.2671386,Fast food
-33.7861821,151.2662946,Fast food
-33.7996978,151.2844881,Fast food
-33.7997665,151.284346,Fast food
-33.7997013,151.2840226,Fast food
-33.7884835,151.2849275,Fast food
-33.7982305,151.2882705,Fast food
-33.7972233,151.286777,Fast food
-33.7985205,151.2859777,Fast food
-33.7980387,151.2885419,Fast food
-33.797867,151.2871414,Fast food
-33.7974571,151.2878129,Fast food
-33.7960861,151.2875846,Fast food
-33.7971102,151.2859317,Fast food
-33.7973624,151.2879895,Fast food
-33.7996087,151.2840743,Fast food
-33.7723512,151.279466,Fast food
-33.7722434,151.2794147,Fast food
-33.7389652,151.3028761,Fast food
-33.7387217,151.3028571,Fast food
-33.7323525,151.3011146,Fast food
-33.731835,151.3007927,Fast food
-33.731734,151.3008109,Fast food
-33.7308483,151.2922263,Fast food
-33.7307573,151.2924587,Fast food
-33.73847782,151.3023829,Fast food
-33.7529472,151.2883747,Fast food
-33.7544501,151.2962245,Fast food
-33.7521653,151.2846642,Fast food
-33.7458153,151.2764757,Fast food
-33.7549862,151.2960063,Fast food
-33.7536515,151.2963832,Fast food
-33.7554496,151.2835628,Fast food
-33.7543733,151.2848146,Fast food
-33.7545771,151.2848121,Fast food
-33.7537845,151.2853442,Fast food
-33.7545643,151.2847146,Fast food
-33.7525415,151.2872056,Fast food
-33.7551651,151.275125,Fast food
-33.7538342,151.2852684,Fast food
-33.7552295,151.2754414,Fast food
-33.7552188,151.2753597,Fast food
-33.7529299,151.2871366,Fast food
-33.7533273,151.2873005,Fast food
-33.7533659,151.287292,Fast food
-33.7533971,151.287453,Fast food
-33.7538915,151.2871399,Fast food
-33.754272,151.2962564,Fast food
-33.7540819,151.2607553,Fast food
-33.7621324,151.2744664,Fast food
-33.7625136,151.2796592,Fast food
-33.7620498,151.271988,Fast food
-33.7799314,151.2762259,Fast food
-33.7825841,151.2774663,Fast food
-33.7617816,151.2798998,Fast food
-33.7655322,151.2501895,Fast food
-33.7655177,151.2500918,Fast food
-33.7655963,151.2504901,Fast food
-33.7656112,151.2505683,Fast food
-33.7655297,151.2501317,Fast food
-33.7655853,151.2504349,Fast food
-33.7131736,151.297095,Fast food
-33.7125167,151.2974662,Fast food
-33.7124687,151.2975053,Fast food
-33.7128951,151.2980999,Fast food
-33.7014092,151.3060912,Fast food
-33.7198846,151.2978162,Fast food
-33.6955107,151.2798156,Fast food
-33.7024872,151.2955697,Fast food
-33.7025777,151.2953429,Fast food
-33.676611,151.2899866,Fast food
-33.6768342,151.2899758,Fast food
-33.6780294,151.3032786,Fast food
-33.6779915,151.303114,Fast food
-33.6777922,151.3027959,Fast food
-33.677838,151.3028747,Fast food
-33.6776022,151.3031505,Fast food
-33.6779325,151.3030142,Fast food
-33.6765386,151.3023386,Fast food
-33.6779897,151.3032128,Fast food
-33.6761319,151.3026512,Fast food
-33.6762812,151.3032522,Fast food
-33.6766648,151.3035393,Fast food
-33.6557106,151.3191372,Fast food
-33.6603587,151.3095233,Fast food
-33.66025445,151.3087512,Fast food
-33.6372026,151.3286161,Fast food
-33.6373837,151.3289777,Fast food
-33.5972317,151.3203272,Fast food
-33.8274146,151.1266075,Fast food
-33.8273648,151.1269182,Fast food
-33.8269591,151.1265723,Fast food
-33.8241527,151.1250933,Fast food
-33.8135458,151.1059401,Fast food
-33.7834983,151.1306329,Fast food
-33.7835725,151.1305155,Fast food
-33.7760699,151.1200671,Fast food
-33.7735367,151.1139211,Fast food
-33.7945077,151.1217011,Fast food
-33.7954281,151.1223962,Fast food
-33.7947038,151.1219683,Fast food
-33.7952944,151.1222407,Fast food
-33.8075338,151.0869912,Fast food
-33.8069709,151.0846586,Fast food
-33.8065941,151.0711206,Fast food
-33.80748413,151.0856156,Fast food
-33.8146156,151.054975,Fast food
-33.8147588,151.0562284,Fast food
-33.8071015,151.0697746,Fast food
-33.8108863,151.0350506,Fast food
-33.8048677,151.0336235,Fast food
-33.7972542,151.0258806,Fast food
-33.7768372,151.0524754,Fast food
-33.776888,151.0521914,Fast food
-33.7796927,151.0520011,Fast food
-33.7832464,151.0465989,Fast food
-33.7770102,151.0521167,Fast food
-33.7755933,151.052433,Fast food
-33.7379095,151.0745218,Fast food
-33.72943293,151.0823286,Fast food
-33.7725842,151.0808479,Fast food
-33.7730831,151.0816525,Fast food
-33.773534,151.0811406,Fast food
-33.7741586,151.0821343,Fast food
-33.7733179,151.0817534,Fast food
-33.77109667,151.0827287,Fast food
-33.77127073,151.0826957,Fast food
-33.7837491,151.0937984,Fast food
-33.7841905,151.0941363,Fast food
-33.7838116,151.0939727,Fast food
-33.7913489,151.0817961,Fast food
-33.8481044,151.0672716,Fast food
-33.8499297,151.0620253,Fast food
-33.834305,151.0560799,Fast food
-33.848432,151.0676275,Fast food
-33.8482068,151.0673735,Fast food
-33.8466683,151.0706669,Fast food
-33.8342515,151.0559877,Fast food
-33.83394,151.05647,Fast food
-33.8866214,151.1374633,Fast food
-33.8743763,151.1269174,Fast food
-33.89593191,151.1076142,Fast food
-33.8766789,151.1039578,Fast food
-33.8741918,151.1046761,Fast food
-33.874184,151.1048395,Fast food
-33.8742655,151.1049049,Fast food
-33.8774395,151.102389,Fast food
-33.8714241,151.094843,Fast food
-33.8723469,151.094389,Fast food
-33.88726064,151.0717898,Fast food
-33.88750063,151.0721549,Fast food
-33.88760345,151.0728282,Fast food
-33.8341647,151.0857339,Fast food
-33.8487112,151.0898727,Fast food
-33.8478494,151.0862899,Fast food
-33.8368408,151.0927686,Fast food
-33.8376339,151.0918352,Fast food
-33.8494474,151.0488634,Fast food
-33.863078,151.0446544,Fast food
-33.86481846,151.0421622,Fast food
-33.81939889,151.0207923,Fast food
-33.81922997,151.0198905,Fast food
-33.8770468,151.0204618,Fast food
-33.8375069,151.0268399,Fast food
-33.8446066,151.0409578,Fast food
-33.8375292,151.0276043,Fast food
-33.8491912,151.0335423,Fast food
-33.850109,151.0333416,Fast food
-33.850397,151.0329978,Fast food
-33.8023121,150.9556303,Fast food
-33.8151378,150.9713889,Fast food
-33.8064295,150.988719,Fast food
-33.8180503,150.9328368,Fast food
-33.8073427,150.9701613,Fast food
-33.8074848,150.9708043,Fast food
-33.8075644,150.9712506,Fast food
-33.81580478,150.9688449,Fast food
-33.80862375,150.9356752,Fast food
-33.81594817,150.9726354,Fast food
-33.81727198,150.9632957,Fast food
-33.7672861,150.9525008,Fast food
-33.7667397,150.9546596,Fast food
-33.7667397,150.9553914,Fast food
-33.77753065,150.9369396,Fast food
-33.7847382,150.8997164,Fast food
-33.7731056,150.907528,Fast food
-33.7663517,150.9120762,Fast food
-33.7803366,150.9196123,Fast food
-33.7846825,150.8997366,Fast food
-33.757527,150.8942038,Fast food
-33.7893875,150.888951,Fast food
-33.7777328,150.8945054,Fast food
-33.7529701,150.8879954,Fast food
-33.7805441,150.9198971,Fast food
-33.7809653,150.9198558,Fast food
-33.7685035,150.9121092,Fast food
-33.7685266,150.906999,Fast food
-33.7535499,150.8880672,Fast food
-33.77775922,150.8943799,Fast food
-33.79315858,150.8974371,Fast food
-33.74444264,150.9155868,Fast food
-33.74421347,150.9160693,Fast food
-33.8052478,151.0057212,Fast food
-33.8119694,151.0041843,Fast food
-33.812894,151.0011471,Fast food
-33.8121017,151.0037363,Fast food
-33.8085681,151.0060637,Fast food
-33.8077756,151.0053367,Fast food
-33.8173087,151.0030659,Fast food
-33.8174881,151.0031643,Fast food
-33.8174696,151.0030373,Fast food
-33.8149799,151.0088581,Fast food
-33.8149377,151.0062777,Fast food
-33.8140807,151.0051083,Fast food
-33.8167651,151.0049987,Fast food
-33.8168468,151.0050472,Fast food
-33.8225157,151.0053637,Fast food
-33.80811032,151.0048401,Fast food
-33.81313693,151.0257034,Fast food
-33.81273108,151.0034117,Fast food
-33.81299944,151.0033134,Fast food
-33.8047507,151.0053296,Fast food
-33.8088885,151.010161,Fast food
-33.7941559,151.0006447,Fast food
-33.7975983,151.0049505,Fast food
-33.8081311,151.0145627,Fast food
-33.7739874,151.0015047,Fast food
-33.7962189,150.9888425,Fast food
-33.7926454,150.9983924,Fast food
-33.79599528,150.9895808,Fast food
-33.79623918,150.9897178,Fast food
-33.79657313,150.9890987,Fast food
-33.79270873,150.9984255,Fast food
-33.7458286,150.9521589,Fast food
-33.7603985,150.9918415,Fast food
-33.732563,150.9631295,Fast food
-33.7327325,150.9632048,Fast food
-33.7333132,150.9625142,Fast food
-33.7384921,150.9492856,Fast food
-33.7324395,151.0056371,Fast food
-33.7315842,151.0051228,Fast food
-33.7323299,151.0052704,Fast food
-33.7316038,151.0052515,Fast food
-33.7316244,151.0053742,Fast food
-33.7315217,151.0055147,Fast food
-33.7315538,151.0054822,Fast food
-33.7315887,151.0054461,Fast food
-33.7314209,151.0054729,Fast food
-33.7314861,151.0055952,Fast food
-33.7314691,151.0055652,Fast food
-33.731412,151.0055641,Fast food
-33.7305422,151.0165728,Fast food
-33.731065,151.0069399,Fast food
-33.7309007,151.0066986,Fast food
-33.73345271,151.00273,Fast food
-33.6847375,150.9180686,Fast food
-33.6844541,150.9178057,Fast food
-33.6842109,150.9175317,Fast food
-33.6997629,150.9576679,Fast food
-33.7133899,150.9719767,Fast food
-33.7131976,150.9719098,Fast food
-33.7134339,150.9718391,Fast food
-33.7131958,150.9725492,Fast food
-33.6870843,150.9202564,Fast food
-33.6861314,150.9516898,Fast food
-33.69993039,150.9280003,Fast food
-33.6608948,151.0057736,Fast food
-33.69554674,151.0316578,Fast food
-33.69585712,151.0315106,Fast food
-33.70599089,151.0264045,Fast food
-33.69699578,151.0305143,Fast food
-33.8386229,150.9993852,Fast food
-33.8395276,150.9998031,Fast food
-33.8401625,150.9996182,Fast food
-33.8266533,150.982431,Fast food
-33.8356191,150.98698,Fast food
-33.8331244,150.9686155,Fast food
-33.8326432,150.9689051,Fast food
-33.8264446,150.9830028,Fast food
-33.8343298,150.9685259,Fast food
-33.8231201,150.9802992,Fast food
-33.8326337,150.9716676,Fast food
-33.8359935,150.9913228,Fast food
-33.8362297,150.9876964,Fast food
-33.8361541,150.9872515,Fast food
-33.836502,150.9893363,Fast food
-33.83251745,150.9690664,Fast food
-33.8825904,150.9979113,Fast food
-33.8830264,150.9988093,Fast food
-33.8829543,151.000745,Fast food
-33.8831473,151.0019904,Fast food
-33.8832951,151.0008598,Fast food
-33.8827853,150.9993028,Fast food
-33.8815229,150.9768586,Fast food
-33.8774619,150.9799793,Fast food
-33.8510114,150.9433101,Fast food
-33.8499183,150.9007333,Fast food
-33.85206079,150.9421706,Fast food
-33.84952666,150.9019412,Fast food
-33.84956865,150.9011217,Fast food
-33.8690962,150.9591875,Fast food
-33.8729957,150.9571289,Fast food
-33.8687831,150.9575236,Fast food
-33.8686178,150.9557324,Fast food
-33.8623625,150.9398693,Fast food
-33.8990281,150.9199081,Fast food
-33.8951614,150.9358984,Fast food
-33.8945029,150.9366154,Fast food
-33.89737928,150.9533915,Fast food
-33.9073472,150.8660582,Fast food
-33.9554988,150.8719876,Fast food
-33.9186952,150.9247099,Fast food
-33.9032101,150.8960322,Fast food
-33.9029518,150.8961663,Fast food
-33.9018561,150.8972384,Fast food
-33.948424,150.9541052,Fast food
-33.9187434,150.9241939,Fast food
-33.9075974,150.9190608,Fast food
-33.9078684,150.9198734,Fast food
-33.9560579,150.8922528,Fast food
-33.9558704,150.8922635,Fast food
-33.9178126,150.9120971,Fast food
-33.9285706,150.9476085,Fast food
-33.9398507,150.9122737,Fast food
-33.9570001,150.8827556,Fast food
-33.9187861,150.92469,Fast food
-33.9192548,150.9244594,Fast food
-33.918537,150.9241423,Fast food
-33.919168,150.9243276,Fast food
-33.918462,150.9245368,Fast food
-33.9190531,150.9241322,Fast food
-33.9192481,150.9241944,Fast food
-33.9184499,150.9244303,Fast food
-33.9189143,150.92431,Fast food
-33.918435,150.9243238,Fast food
-33.9191211,150.9241192,Fast food
-33.9187071,150.9245712,Fast food
-33.9184191,150.9241823,Fast food
-33.91859,150.9242225,Fast food
-33.9186647,150.924213,Fast food
-33.9188349,150.924173,Fast food
-33.9189103,150.9241602,Fast food
-33.9189868,150.9241489,Fast food
-33.9191884,150.9241038,Fast food
-33.9269319,150.8967552,Fast food
-33.9270107,150.8963485,Fast food
-33.9282642,150.9086167,Fast food
-33.9143236,150.9303347,Fast food
-33.9204609,150.9250598,Fast food
-33.9143291,150.9302329,Fast food
-33.9203849,150.924461,Fast food
-33.9211943,150.9241343,Fast food
-33.9217803,150.9240251,Fast food
-33.922309,150.9239157,Fast food
-33.920427,150.9247972,Fast food
-33.9214233,150.9240915,Fast food
-33.9142972,150.9305684,Fast food
-33.9192441,150.9242831,Fast food
-33.95942374,150.8821228,Fast food
-33.90939415,150.9398116,Fast food
-33.9095175,150.9395583,Fast food
-33.9309416,150.9178706,Fast food
-33.93184947,150.9175388,Fast food
-33.90641475,150.9188295,Fast food
-33.9085817,150.9191899,Fast food
-33.92798862,150.8885111,Fast food
-33.90785905,150.9202771,Fast food
-33.9380336,150.8422895,Fast food
-33.9232485,150.8484836,Fast food
-33.9254711,150.8486659,Fast food
-33.9360141,150.8439725,Fast food
-33.9181935,150.8539733,Fast food
-33.92326504,150.8484973,Fast food
-33.9254964,150.8486744,Fast food
-33.91742133,150.8550825,Fast food
-33.9185868,150.8538358,Fast food
-33.8567985,150.8974515,Fast food
-33.87110676,150.9029748,Fast food
-33.8570276,150.8997241,Fast food
-33.886523,150.8893803,Fast food
-33.89429944,150.8912017,Fast food
-33.99624378,150.7902056,Fast food
-33.99673698,150.7906372,Fast food
-33.9048204,151.0647681,Fast food
-33.8922024,151.0664223,Fast food
-33.8948227,151.0667282,Fast food
-33.8917755,151.0577726,Fast food
-33.9009363,151.1199687,Fast food
-33.9048836,151.1280479,Fast food
-33.9131327,151.1042121,Fast food
-33.91877912,151.0664415,Fast food
-33.9263604,151.0585346,Fast food
-33.9244531,151.0556127,Fast food
-33.92815344,151.0785547,Fast food
-33.93154284,151.0578544,Fast food
-33.92582494,151.0866942,Fast food
-33.92640962,151.0846813,Fast food
-33.9003977,150.998905,Fast food
-33.901729,150.9998277,Fast food
-33.907022,151.0233484,Fast food
-33.9286622,150.9814994,Fast food
-33.9291663,150.981156,Fast food
-33.9184085,151.0350079,Fast food
-33.9173211,151.0339852,Fast food
-33.9140051,151.0384663,Fast food
-33.930629,150.9968802,Fast food
-33.93362472,151.0299418,Fast food
-33.93388498,151.0260536,Fast food
-33.9042851,151.1431842,Fast food
-33.9053621,151.1378014,Fast food
-33.91042337,151.1415549,Fast food
-33.91030714,151.1415939,Fast food
-33.902272,151.1632,Fast food
-33.9147155,151.1522077,Fast food
-33.9111826,151.1579522,Fast food
-33.9114658,151.1582104,Fast food
-33.9110201,151.1569539,Fast food
-33.90641693,151.1718986,Fast food
-33.90672633,151.1718065,Fast food
-33.90673061,151.1718514,Fast food
-33.9067384,151.171907,Fast food
-33.90683137,151.1723271,Fast food
-33.90655525,151.1720822,Fast food
-33.90659113,151.1724489,Fast food
-33.9435452,151.1429849,Fast food
-33.9265361,151.1279944,Fast food
-33.9526033,151.1220007,Fast food
-33.94948764,151.1150184,Fast food
-33.9400931,151.0758486,Fast food
-33.9402542,151.0759135,Fast food
-33.9537507,151.0514944,Fast food
-33.9540266,151.0518618,Fast food
-33.9540422,151.05143,Fast food
-33.9541579,151.0518163,Fast food
-33.9537145,151.051938,Fast food
-33.9505431,151.0309756,Fast food
-33.9504507,151.0313849,Fast food
-33.9523762,151.0320922,Fast food
-33.9536287,151.0332759,Fast food
-33.953715,151.0333694,Fast food
-33.9531637,151.0327099,Fast food
-33.94587416,151.0357565,Fast food
-33.94406918,151.0352421,Fast food
-33.9520746,151.0131517,Fast food
-33.9508561,151.0169975,Fast food
-33.93890817,151.0182365,Fast food
-33.9568695,151.0026481,Fast food
-33.9533009,150.9984762,Fast food
-33.9566302,151.0032599,Fast food
-33.95639439,151.0014844,Fast food
-33.95543816,150.9979925,Fast food
-33.9608471,151.1558432,Fast food
-33.9606098,151.1554498,Fast food
-33.9634395,151.1526008,Fast food
-33.9607077,151.1559219,Fast food
-33.9647031,151.1544628,Fast food
-33.9568968,151.1373337,Fast food
-33.9518993,151.1382549,Fast food
-33.9499392,151.1393112,Fast food
-33.9519307,151.1360582,Fast food
-33.9548353,151.1374598,Fast food
-33.94416636,151.1425337,Fast food
-33.9630258,151.1326097,Fast food
-33.9757271,151.1501187,Fast food
-33.9645293,151.1323355,Fast food
-33.9774763,151.123757,Fast food
-33.9785207,151.1219904,Fast food
-33.9641642,151.112091,Fast food
-33.9671402,151.1035488,Fast food
-33.9678029,151.1050036,Fast food
-33.9672841,151.1024842,Fast food
-33.9676489,151.1025631,Fast food
-33.9675306,151.1027622,Fast food
-33.9823613,151.1178197,Fast food
-33.97733159,151.1041398,Fast food
-33.9806918,151.0805036,Fast food
-34.0067299,151.1122734,Fast food
-34.0090233,151.103553,Fast food
-34.0228568,151.1088082,Fast food
-34.0064947,151.0810774,Fast food
-34.0160415,151.0651065,Fast food
-34.0348418,151.1001905,Fast food
-34.0349569,151.1006674,Fast food
-34.0224731,151.1060474,Fast food
-34.0366515,151.10195,Fast food
-34.03424303,151.0989238,Fast food
-34.044298,151.123274,Fast food
-34.0443833,151.1232647,Fast food
-34.04258927,151.1205498,Fast food
-34.02801933,151.1205999,Fast food
-34.0547984,151.1530586,Fast food
-34.0537033,151.1521877,Fast food
-34.0510451,151.1526086,Fast food
-34.0529498,151.1527294,Fast food
-34.0536623,151.1522049,Fast food
-34.0528966,151.1527481,Fast food
-34.044173,151.155693,Fast food
-34.054616,151.1535364,Fast food
-34.0508568,151.1518342,Fast food
-34.0508509,151.1517694,Fast food
-34.0542373,151.1519866,Fast food
-34.0545821,151.1518341,Fast food
-34.0511037,151.1528489,Fast food
-34.0542865,151.1519623,Fast food
-34.0538934,151.152112,Fast food
-34.0547025,151.1517958,Fast food
-34.0543428,151.1522269,Fast food
-34.008051,151.2178274,Fast food
-34.0319925,151.0577139,Fast food
-34.0340137,151.0709673,Fast food
-34.0342831,151.0709291,Fast food
-34.058649,151.0812036,Fast food
-34.0318024,151.0584584,Fast food
-34.0317885,151.0583959,Fast food
-34.0329866,151.0730492,Fast food
-34.03191021,151.0736858,Fast food
-34.1335814,150.9936401,Fast food
-34.0645301,151.0136293,Fast food
-34.0660242,151.013333,Fast food
-34.087501,151.007578,Fast food
-34.0779704,151.0111556,Fast food
-34.07879796,151.0112251,Fast food
-34.06634538,151.0149741,Fast food
-34.06495334,151.0169716,Fast food
-34.0166904,151.0119343,Fast food
-34.01627848,151.0121996,Fast food
-34.01518897,151.0138115,Fast food
-33.403898,151.3508243,Fast food
-33.4270628,151.3208651,Fast food
-33.3848181,151.367357,Fast food
-33.424207,151.3425681,Fast food
-33.4236723,151.3202521,Fast food
-33.4365549,151.3926592,Fast food
-33.4365935,151.3930567,Fast food
-33.408578,151.3501331,Fast food
-33.2201956,151.214612,Fast food
-33.427041,151.3414689,Fast food
-33.4253314,151.3436357,Fast food
-33.4253764,151.343953,Fast food
-33.4266122,151.3211175,Fast food
-33.4163572,151.3252232,Fast food
-33.3849586,151.367421,Fast food
-33.4106367,151.3475013,Fast food
-33.4085133,151.3499118,Fast food
-33.4389251,151.3831929,Fast food
-33.42689609,151.3246597,Fast food
-33.38544606,151.365831,Fast food
-33.43516547,151.3960659,Fast food
-33.40940932,151.3486327,Fast food
-33.4086614,151.3509819,Fast food
-33.43814761,151.3797061,Fast food
-33.43336547,151.343024,Fast food
-33.42669463,151.3290805,Fast food
-33.42688696,151.3294592,Fast food
-33.4682631,151.3828798,Fast food
-33.4681498,151.3820713,Fast food
-33.46819863,151.3824158,Fast food
-33.4836218,151.3258237,Fast food
-33.5503426,151.2742303,Fast food
-33.4891151,151.3249192,Fast food
-33.48885873,151.3226549,Fast food
-33.48757689,151.3252412,Fast food
-33.5136456,151.3357817,Fast food
-33.52197736,151.3215549,Fast food
-33.52049882,151.3172195,Fast food
-33.3574148,151.3764143,Fast food
-33.255015,151.4028127,Fast food
-33.2556505,151.4022104,Fast food
-33.2944349,151.4221982,Fast food
-33.2942913,151.4222449,Fast food
-33.2779504,151.4192535,Fast food
-33.2676535,151.4352343,Fast food
-33.3078984,151.4125061,Fast food
-33.3090218,151.4120047,Fast food
-33.3089226,151.4117721,Fast food
-33.3071304,151.419544,Fast food
-33.2676776,151.4354219,Fast food
-33.2545052,151.4048527,Fast food
-33.2541058,151.4054394,Fast food
-33.2538875,151.4926247,Fast food
-33.2540456,151.4929496,Fast food
-33.275006,151.4907037,Fast food
-33.2806884,151.4804874,Fast food
-33.30750798,151.418743,Fast food
-33.30735249,151.418071,Fast food
-33.30667003,151.4180803,Fast food
-33.28594873,151.4242833,Fast food
-33.29386197,151.4184138,Fast food
-33.26460866,151.4547298,Fast food
-33.405983,151.465312,Fast food
-33.3416125,151.4981831,Fast food
-33.3614491,151.4439562,Fast food
-33.3735901,151.4731073,Fast food
-33.3745247,151.4728468,Fast food
-33.3445958,151.4963024,Fast food
-33.3416789,151.4981819,Fast food
-33.36247628,151.4437091,Fast food
-33.3621597,151.4433545,Fast food
-33.36241045,151.4430283,Fast food
-33.36284791,151.4430624,Fast food
-33.34256674,151.4980946,Fast food
-33.37356183,151.4743232,Fast food
-33.37317036,151.4744029,Fast food
-33.24300679,151.5044269,Fast food
-33.24308347,151.5054577,Fast food
-33.2432566,151.5059243,Fast food
-33.1082962,151.4875501,Fast food
-33.1070056,151.4882356,Fast food
-33.1095161,151.4860361,Fast food
-33.1097512,151.5334508,Fast food
-33.1074363,151.48835,Fast food
-33.11131618,151.48227,Fast food
-33.11650582,151.4709687,Fast food
-33.11635029,151.4707719,Fast food
-33.0702018,151.5883054,Fast food
-33.0693937,151.5883634,Fast food
-33.0245839,151.6640505,Fast food
-33.0345527,151.6612081,Fast food
-33.0327538,151.6611116,Fast food
-33.0350654,151.6588424,Fast food
-33.0318004,151.660618,Fast food
-33.03174465,151.6612763,Fast food
-33.0868219,151.6386883,Fast food
-33.1103303,151.6462033,Fast food
-33.1048077,151.6447729,Fast food
-33.09257159,151.636874,Fast food
-32.9650889,151.6477686,Fast food
-32.9657595,151.6532189,Fast food
-32.9598588,151.6567433,Fast food
-32.9656402,151.65331,Fast food
-32.9739009,151.6465523,Fast food
-32.9735497,151.6437874,Fast food
-32.9638326,151.6620419,Fast food
-32.96622287,151.6531368,Fast food
-32.96726873,151.6504062,Fast food
-33.0093021,151.5943363,Fast food
-32.9331457,151.6363531,Fast food
-32.93522566,151.6291264,Fast food
-32.93377907,151.6325194,Fast food
-32.95314126,151.6232203,Fast food
-32.9331241,151.6404928,Fast food
-32.931901,151.6400063,Fast food
-32.9286837,151.6414869,Fast food
-32.9268205,151.637295,Fast food
-32.925748,151.6339391,Fast food
-32.9243702,151.6159147,Fast food
-32.9237442,151.620973,Fast food
-32.9245187,151.6243744,Fast food
-32.9394641,151.6588042,Fast food
-32.9336072,151.6550723,Fast food
-32.9285127,151.6410202,Fast food
-32.9460416,151.6571271,Fast food
-32.9464934,151.6570212,Fast food
-32.9575176,151.6624993,Fast food
-32.933123,151.6398916,Fast food
-32.94091455,151.6598202,Fast food
-32.93394574,151.6439087,Fast food
-32.9133172,151.6721605,Fast food
-32.9119279,151.6699236,Fast food
-32.9133127,151.6722062,Fast food
-32.8796299,151.6592002,Fast food
-32.9053076,151.6797137,Fast food
-32.898999,151.6772056,Fast food
-32.9027584,151.6671073,Fast food
-32.9028125,151.6671128,Fast food
-32.8907591,151.6657877,Fast food
-32.900601,151.6689473,Fast food
-32.8787532,151.6164436,Fast food
-32.9025189,151.6714819,Fast food
-32.90376136,151.6668058,Fast food
-32.9347424,151.7256193,Fast food
-32.9345223,151.7259678,Fast food
-32.9347809,151.7259114,Fast food
-32.9360727,151.7256362,Fast food
-32.9357006,151.7256999,Fast food
-32.9412071,151.7109014,Fast food
-32.9415367,151.7110473,Fast food
-32.93852788,151.7115963,Fast food
-32.94030017,151.7113845,Fast food
-32.9401394,151.7116273,Fast food
-32.94160675,151.7109221,Fast food
-32.9423606,151.7115541,Fast food
-32.94085389,151.7111115,Fast food
-32.94107084,151.7114115,Fast food
-32.94106522,151.711314,Fast food
-32.94109035,151.7112474,Fast food
-32.94112436,151.7111498,Fast food
-32.9411761,151.711007,Fast food
-32.94087717,151.710853,Fast food
-32.9824468,151.6919822,Fast food
-32.9842919,151.6720518,Fast food
-32.9639725,151.695582,Fast food
-32.9785641,151.7082018,Fast food
-32.9645505,151.6953088,Fast food
-32.96446536,151.69604,Fast food
-32.9949867,151.6864104,Fast food
-32.9385325,151.7607702,Fast food
-32.9379173,151.759798,Fast food
-32.9236542,151.7286909,Fast food
-32.9171211,151.7316058,Fast food
-32.9168995,151.7311628,Fast food
-32.9167832,151.7311896,Fast food
-32.9237937,151.7257428,Fast food
-32.9143759,151.7327764,Fast food
-32.9237473,151.7309806,Fast food
-32.92378711,151.731411,Fast food
-32.92325679,151.726953,Fast food
-32.9211287,151.7598326,Fast food
-32.9200491,151.7564912,Fast food
-32.91203852,151.7645574,Fast food
-32.91711752,151.7493381,Fast food
-32.9027808,151.7268561,Fast food
-32.9078577,151.7260987,Fast food
-32.9082534,151.7291261,Fast food
-32.9079253,151.7266437,Fast food
-32.90685499,151.7270896,Fast food
-32.9028389,151.6903038,Fast food
-32.9029939,151.6902175,Fast food
-32.9030137,151.6902697,Fast food
-32.9029015,151.6902916,Fast food
-32.9029552,151.6902811,Fast food
-32.9027722,151.6903168,Fast food
-32.9031725,151.6905798,Fast food
-32.90433681,151.6910659,Fast food
-32.90165531,151.6906935,Fast food
-32.91561218,151.7132997,Fast food
-32.9278195,151.7882138,Fast food
-32.9247292,151.7920238,Fast food
-32.9291692,151.7870934,Fast food
-32.929265,151.790487,Fast food
-32.9273781,151.7698962,Fast food
-32.927197,151.7822426,Fast food
-32.9268658,151.7748891,Fast food
-32.9273357,151.7818091,Fast food
-32.9270622,151.7742649,Fast food
-32.92595917,151.7793192,Fast food
-32.9265469,151.7639048,Fast food
-32.926505,151.7636321,Fast food
-32.9276305,151.7639724,Fast food
-32.92839103,151.7639562,Fast food
-32.9211597,151.7476726,Fast food
-32.9218493,151.7476307,Fast food
-32.9316977,151.7534918,Fast food
-32.895232,151.7340392,Fast food
-32.8864523,151.7196126,Fast food
-32.8912096,151.7281812,Fast food
-32.8969799,151.73533,Fast food
-32.8970171,151.7353801,Fast food
-32.8990017,151.7384318,Fast food
-32.8970544,151.7354302,Fast food
-32.8970924,151.7351857,Fast food
-32.893217,151.7307451,Fast food
-32.90253851,151.7430009,Fast food
-32.89961576,151.7400841,Fast food
-32.89946083,151.7397281,Fast food
-32.90004925,151.7525774,Fast food
-32.89986445,151.750585,Fast food
-32.9173172,151.7246381,Fast food
-32.9223542,151.7148823,Fast food
-32.9220132,151.7137293,Fast food
-32.9233732,151.713468,Fast food
-32.9343466,151.7076679,Fast food
-32.9229878,151.7135223,Fast food
-32.8852161,151.6958526,Fast food
-32.8841417,151.6961342,Fast food
-32.8846866,151.6959935,Fast food
-32.8929702,151.6989174,Fast food
-32.7185079,152.1424745,Fast food
-32.7216516,152.1436847,Fast food
-32.7121563,152.1598051,Fast food
-32.7215701,152.1421443,Fast food
-32.7206912,152.1445538,Fast food
-32.7206292,152.1759349,Fast food
-32.7196017,152.1439974,Fast food
-32.7833657,152.0756813,Fast food
-32.77777,152.0853691,Fast food
-32.7223913,152.0676578,Fast food
-32.7274932,152.0793266,Fast food
-32.73688807,152.1082056,Fast food
-32.7405352,151.8644927,Fast food
-32.7475091,151.8682185,Fast food
-32.7402044,151.863345,Fast food
-32.7407656,151.8655146,Fast food
-32.8178591,151.8438376,Fast food
-32.7359411,151.9996385,Fast food
-32.7363544,152.0007158,Fast food
-32.7248661,151.5434613,Fast food
-32.7281916,151.5348666,Fast food
-32.7157801,151.5271869,Fast food
-32.7164277,151.5283301,Fast food
-32.7160433,151.5264346,Fast food
-32.7157518,151.5275502,Fast food
-32.7155164,151.5279941,Fast food
-32.7157918,151.5268612,Fast food
-32.733204,151.55625,Fast food
-32.7328552,151.5563271,Fast food
-32.71787764,151.5271729,Fast food
-32.70981636,151.516115,Fast food
-32.70946775,151.5171042,Fast food
-32.7642974,151.5281896,Fast food
-32.7877609,151.6379518,Fast food
-32.8115438,151.6398677,Fast food
-32.8009199,151.657964,Fast food
-32.8012337,151.6579125,Fast food
-32.792586,151.6356685,Fast food
-32.8014556,151.6581603,Fast food
-32.8009495,151.6576546,Fast food
-32.8466424,151.6932499,Fast food
-32.79304965,151.6342237,Fast food
-32.84753354,151.6942109,Fast food
-32.80035915,151.6568812,Fast food
-32.7924317,151.6366039,Fast food
-32.9852873,151.48669,Fast food
-32.7512286,151.5894534,Fast food
-32.9851456,151.4866088,Fast food
-32.7435296,151.6040501,Fast food
-32.8567129,151.4768455,Fast food
-32.76113317,151.5932764,Fast food
-32.76075607,151.5922759,Fast food
-32.76095125,151.5917588,Fast food
-32.7595599,151.7500431,Fast food
-32.7879575,151.7272598,Fast food
-32.6658865,152.1600373,Fast food
-32.7828838,151.7384798,Fast food
-32.7828957,151.7377238,Fast food
-32.7918454,151.7255066,Fast food
-32.6720602,152.1772856,Fast food
-32.7605273,151.774184,Fast food
-32.79190291,151.7248727,Fast food
-32.8302402,151.3560785,Fast food
-32.8294914,151.3557344,Fast food
-32.8325365,151.3566331,Fast food
-32.8323871,151.3547718,Fast food
-32.833012,151.3544624,Fast food
-32.8295066,151.3555112,Fast food
-32.81836464,151.4828153,Fast food
-32.8260197,151.4877202,Fast food
-32.5696214,151.1807923,Fast food
-32.5648788,151.1769526,Fast food
-32.5684797,151.1804054,Fast food
-32.5690758,151.1804704,Fast food
-32.2599776,150.889687,Fast food
-32.2820864,150.9014824,Fast food
-32.282998,150.8963751,Fast food
-32.2720055,150.8899999,Fast food
-32.2589195,150.8899413,Fast food
-32.27607135,150.8953045,Fast food
-32.6769192,151.3878865,Fast food
-32.6558037,151.3539967,Fast food
-32.0399421,150.8653404,Fast food
-31.0988304,150.9361187,Fast food
-31.1261688,150.923376,Fast food
-31.0925449,150.9219136,Fast food
-31.0901528,150.9308521,Fast food
-31.0734788,150.9127197,Fast food
-31.0576949,150.8950761,Fast food
-31.12779473,150.9235114,Fast food
-31.09759915,150.9365756,Fast food
-31.09571961,150.937221,Fast food
-31.09581919,150.937296,Fast food
-31.095532,150.9363927,Fast food
-31.12662454,150.92328,Fast food
-31.5054516,150.6800788,Fast food
-31.5096913,150.6794297,Fast food
-31.5168305,150.674957,Fast food
-30.5176076,151.6674047,Fast food
-30.5175816,151.667274,Fast food
-30.5143433,151.669125,Fast food
-30.5136631,151.6650306,Fast food
-30.5040107,151.6512206,Fast food
-30.5151252,151.6479122,Fast food
-30.51210204,151.6688848,Fast food
-30.51655143,151.6689203,Fast food
-30.51620111,151.6679944,Fast food
-30.5152793,151.6682586,Fast food
-30.51150841,151.6637121,Fast food
-30.51192626,151.662837,Fast food
-30.51194737,151.662508,Fast food
-30.51191858,151.6657007,Fast food
-30.51212184,151.665609,Fast food
-30.51249533,151.6655019,Fast food
-30.51307151,151.6684088,Fast food
-30.513084,151.6682431,Fast food
-30.5236425,151.675867,Fast food
-31.5135063,151.7179808,Fast food
-30.98418107,151.5877771,Fast food
-31.2729849,149.2773061,Fast food
-31.273919,149.2772484,Fast food
-31.2739821,149.2763177,Fast food
-29.7708967,151.1149785,Fast food
-30.3149372,151.6897559,Fast food
-29.7375661,151.7374818,Fast food
-29.7377933,151.7385206,Fast food
-29.0547145,152.018793,Fast food
-29.05471017,152.01874,Fast food
-29.05208061,152.0191752,Fast food
-29.05498118,152.0185884,Fast food
-30.9786282,150.2546775,Fast food
-30.9769675,150.2522993,Fast food
-30.9769888,150.2523504,Fast food
-30.9769994,150.2523953,Fast food
-30.97612963,150.2492158,Fast food
-30.7109049,150.0418692,Fast food
-30.3244017,149.7823613,Fast food
-30.3270791,149.7838784,Fast food
-30.3252756,149.7824918,Fast food
-30.3252517,149.7823333,Fast food
-30.3253208,149.78237,Fast food
-30.3207815,149.7801461,Fast food
-30.3214854,149.7804706,Fast food
-30.3258,149.7831653,Fast food
-29.472881,149.8424906,Fast food
-32.3452259,151.9300881,Fast food
-32.2832823,151.8508708,Fast food
-32.387191,152.4445761,Fast food
-31.8709704,152.6846731,Fast food
-31.8715524,152.6882458,Fast food
-31.8698769,152.6938569,Fast food
-32.1781757,152.5118415,Fast food
-32.180335,152.5118581,Fast food
-32.1810962,152.5119366,Fast food
-32.347817,152.5361764,Fast food
-32.19436321,152.5135321,Fast food
-32.20087534,152.5155207,Fast food
-31.8969841,152.4962379,Fast food
-31.9095462,152.4594246,Fast food
-31.9133257,152.4616178,Fast food
-31.9437674,152.4709415,Fast food
-31.9435341,152.4708677,Fast food
-31.9095413,152.4679739,Fast food
-31.9960431,152.5694137,Fast food
-31.9689053,152.5853322,Fast food
-31.9434714,152.4709404,Fast food
-32.0436717,152.5389045,Fast food
-31.97002208,152.5916972,Fast food
-30.8848426,153.0414472,Fast food
-30.8853627,153.0410763,Fast food
-31.6323145,152.7044891,Fast food
-31.0365511,152.8710392,Fast food
-31.0767732,152.8434219,Fast food
-31.076849,152.8425559,Fast food
-31.1291157,152.8280762,Fast food
-31.1290769,152.8279295,Fast food
-31.0780315,152.8423758,Fast food
-31.0805166,152.8401067,Fast food
-31.1291233,152.8282283,Fast food
-31.6492694,152.7962916,Fast food
-31.6507406,152.7969233,Fast food
-31.4261526,152.8957586,Fast food
-31.4494006,152.8889683,Fast food
-31.4293479,152.9084718,Fast food
-31.4348232,152.9037096,Fast food
-31.4636683,152.823207,Fast food
-31.4309681,152.890844,Fast food
-31.4285925,152.9084826,Fast food
-31.4595627,152.9292379,Fast food
-31.4349851,152.901314,Fast food
-31.4294409,152.9069722,Fast food
-31.4330795,152.9082306,Fast food
-31.4314622,152.9080912,Fast food
-31.4293547,152.908389,Fast food
-31.4315759,152.888671,Fast food
-31.4433493,152.925387,Fast food
-31.4434409,152.9254826,Fast food
-31.4435191,152.9255392,Fast food
-31.42782903,152.8968726,Fast food
-31.43486493,152.9053843,Fast food
-31.43304914,152.908699,Fast food
-31.46357581,152.8217672,Fast food
-31.46354631,152.822031,Fast food
-31.46365711,152.8225322,Fast food
-31.4349158,152.9046194,Fast food
-30.712737,152.9217057,Fast food
-30.7074267,152.9187502,Fast food
-30.706598,152.9195181,Fast food
-30.7077362,152.9209114,Fast food
-30.646823,153.0120786,Fast food
-30.6419679,153.0026108,Fast food
-30.6264628,152.9723496,Fast food
-30.6264431,152.9721701,Fast food
-30.2831911,153.1259665,Fast food
-30.2832281,153.1262559,Fast food
-30.3180069,153.0896362,Fast food
-30.2824469,153.1292861,Fast food
-30.3350684,153.0809705,Fast food
-30.3443074,153.0690015,Fast food
-30.317571,153.0902854,Fast food
-30.2062527,153.1491769,Fast food
-30.3176289,153.0902367,Fast food
-30.3121096,153.0937273,Fast food
-30.3176914,153.0900778,Fast food
-30.3178955,153.0898589,Fast food
-30.2967709,153.1151855,Fast food
-30.2965451,153.1153956,Fast food
-30.2967165,153.1152392,Fast food
-30.2965995,153.1153536,Fast food
-30.2964906,153.1154494,Fast food
-30.2966519,153.1152999,Fast food
-30.2980423,153.1140513,Fast food
-30.2903608,153.1195514,Fast food
-30.3172389,153.0901402,Fast food
-30.3028369,153.1374448,Fast food
-30.2958232,153.1145976,Fast food
-30.2898219,153.1190189,Fast food
-30.28315781,153.1283531,Fast food
-30.29812306,153.1159174,Fast food
-30.3526432,153.0913872,Fast food
-30.4603681,153.0410548,Fast food
-30.4519256,152.896766,Fast food
-30.1147109,153.193046,Fast food
-29.706507,152.9412752,Fast food
-29.7066611,152.9427365,Fast food
-29.6942749,152.9386228,Fast food
-29.70675174,152.9430354,Fast food
-29.70707207,152.9390377,Fast food
-29.7690226,153.2949659,Fast food
-29.4264318,153.3273304,Fast food
-29.4284163,153.3270593,Fast food
-29.4365147,153.360777,Fast food
-29.43460925,153.3437177,Fast food
-28.8913506,152.5667733,Fast food
-28.8627989,153.045213,Fast food
-28.8632711,153.0454557,Fast food
-29.116503,153.433433,Fast food
-28.6194685,153.0035568,Fast food
-28.8424126,153.4405393,Fast food
-28.859964,153.5596042,Fast food
-28.868282,153.5554402,Fast food
-28.8575694,153.5610607,Fast food
-28.7947989,153.5937996,Fast food
-28.8577693,153.560857,Fast food
-28.8612436,153.5171786,Fast food
-28.8611167,153.5170473,Fast food
-28.85936408,153.5592767,Fast food
-28.6861884,153.525171,Fast food
-28.808275,153.2859434,Fast food
-28.8144381,153.282996,Fast food
-28.8197535,153.2851558,Fast food
-28.81392622,153.2796746,Fast food
-28.82158738,153.3280049,Fast food
-28.6892248,153.6085524,Fast food
-28.6893847,153.6085854,Fast food
-28.6455897,153.6128996,Fast food
-28.645695,153.6129078,Fast food
-28.6454739,153.6124767,Fast food
-28.6423598,153.6137089,Fast food
-28.641404,153.6124063,Fast food
-28.6419769,153.6122595,Fast food
-28.6419356,153.6123345,Fast food
-28.6419566,153.612197,Fast food
-28.6423766,153.6121363,Fast food
-28.6425727,153.6125782,Fast food
-28.535614,153.5449338,Fast food
-28.53994,153.5478907,Fast food
-28.5038584,153.52922,Fast food
-28.5402628,153.5521865,Fast food
-28.3279084,153.4072461,Fast food
-28.3191127,153.4294897,Fast food
-28.329849,153.4021296,Fast food
-28.1951324,153.5052615,Fast food
-28.1892279,153.5113039,Fast food
-28.1785678,153.5414391,Fast food
-28.1891058,153.5124225,Fast food
-28.17322702,153.5444358,Fast food
-28.1936603,153.5410767,Fast food
-28.20615329,153.5449786,Fast food
-28.2069769,153.5450261,Fast food
-28.2439558,153.557679,Fast food
-28.2440773,153.5576586,Fast food
-28.2558524,153.5743024,Fast food
-28.2571249,153.5276362,Fast food
-28.2572314,153.5274775,Fast food
-34.4272857,150.8998096,Fast food
-34.4142928,150.9011757,Fast food
-34.4233191,150.8938035,Fast food
-34.4238685,150.8930875,Fast food
-34.4245031,150.8929103,Fast food
-34.4242532,150.892941,Fast food
-34.41615971,150.8846357,Fast food
-34.43215394,150.8660314,Fast food
-34.48686439,150.8870976,Fast food
-34.4837775,150.8545261,Fast food
-34.3164743,150.9274808,Fast food
-34.31364213,150.9264579,Fast food
-34.3385974,150.9097173,Fast food
-34.3408862,150.9235904,Fast food
-34.3412044,150.9073014,Fast food
-34.3492643,150.9140446,Fast food
-34.34227761,150.9057009,Fast food
-34.3385974,150.9097173,Fast food
-34.34036028,150.9065663,Fast food
-34.34905747,150.9147843,Fast food
-34.3821182,150.8949202,Fast food
-34.37677602,150.9126028,Fast food
-34.4007941,150.8913277,Fast food
-34.4021175,150.8919962,Fast food
-34.4018512,150.8921159,Fast food
-34.40301266,150.8919825,Fast food
-34.4344913,150.8622381,Fast food
-34.5672249,150.8030459,Fast food
-34.5529569,150.7894529,Fast food
-34.55266569,150.7892345,Fast food
-34.5514474,150.8596334,Fast food
-34.5642897,150.8305841,Fast food
-34.5638457,150.8189908,Fast food
-34.5636248,150.8189298,Fast food
-34.5789062,150.8687323,Fast food
-34.5790536,150.8675284,Fast food
-34.5793472,150.8666423,Fast food
-34.56523541,150.8285224,Fast food
-34.4958309,150.7934507,Fast food
-34.4954529,150.792717,Fast food
-34.5049586,150.7868785,Fast food
-34.4939643,150.7941417,Fast food
-34.4953739,150.7930374,Fast food
-34.5003173,150.8166068,Fast food
-34.54049096,150.7855517,Fast food
-34.6707136,150.8588118,Fast food
-34.6171652,150.7829768,Fast food
-34.6172552,150.782952,Fast food
-34.7456996,150.8276088,Fast food
-34.77267728,150.8064066,Fast food
-34.77927575,150.6955348,Fast food
-35.7073908,150.1758968,Fast food
-35.7043174,150.1769415,Fast food
-35.7093517,150.1747951,Fast food
-35.70555271,150.1758101,Fast food
-35.8487346,150.1758657,Fast food
-35.3161204,150.4354843,Fast food
-35.3646585,150.4721622,Fast food
-35.3572317,150.4748064,Fast food
-35.5222134,150.3919232,Fast food
-35.5614229,150.3743336,Fast food
-35.35239304,150.4756427,Fast food
-35.0385354,150.669876,Fast food
-35.0752664,150.6563889,Fast food
-35.105033,150.6257049,Fast food
-35.0756282,150.6557295,Fast food
-35.0701775,150.6749553,Fast food
-34.8435428,150.5955505,Fast food
-34.9150726,150.6044183,Fast food
-34.9040179,150.6028387,Fast food
-34.915872,150.6043195,Fast food
-34.8766758,150.6068429,Fast food
-34.90434063,150.6027818,Fast food
-34.9035754,150.6028137,Fast food
-34.84333546,150.5948722,Fast food
-36.4265816,150.0714305,Fast food
-36.4277241,150.076128,Fast food
-36.1972569,150.1307272,Fast food
-36.21975196,150.1216588,Fast food
-36.8869317,149.9107804,Fast food
-36.8899078,149.9105083,Fast food
-36.8957633,149.9146846,Fast food
-36.8877135,149.9085297,Fast food
-36.8876556,149.909618,Fast food
-36.8890799,149.9109116,Fast food
-36.895865,149.9148109,Fast food
-36.8871059,149.9107132,Fast food
-36.8866667,149.9104192,Fast food
-36.6270191,149.5687139,Fast food
-36.7267616,149.9806939,Fast food
-36.6738122,149.8373616,Fast food
-37.0667245,149.9073982,Fast food
-37.0651192,149.9059929,Fast food
-37.0561199,149.9036438,Fast food
-34.0224175,150.7604334,Fast food
-34.0321094,150.8161843,Fast food
-34.0710553,150.8109547,Fast food
-34.0487165,150.8267348,Fast food
-34.0713392,150.8095728,Fast food
-34.0484952,150.8269791,Fast food
-34.050474,150.8268504,Fast food
-34.0501704,150.827128,Fast food
-34.0491469,150.8259472,Fast food
-34.0713672,150.8107893,Fast food
-34.0718825,150.8049546,Fast food
-34.0717019,150.8296522,Fast food
-34.0539554,150.8208331,Fast food
-34.10053319,150.7981471,Fast food
-33.9860256,150.8932544,Fast food
-33.9850681,150.8929849,Fast food
-34.0102099,150.8760545,Fast food
-33.9991904,150.8643537,Fast food
-33.9980938,150.8647736,Fast food
-33.99796,150.8659542,Fast food
-33.9992512,150.8642834,Fast food
-33.9983776,150.8666805,Fast food
-33.9887579,150.8593796,Fast food
-33.999181,150.867226,Fast food
-33.9985333,150.8657276,Fast food
-33.9977706,150.8656503,Fast food
-33.9965366,150.8667609,Fast food
-33.99586236,150.8669344,Fast food
-34.03029811,150.8483916,Fast food
-34.0310446,150.8480519,Fast food
-34.0410355,150.7330246,Fast food
-34.04906812,150.7604648,Fast food
-34.04865223,150.760669,Fast food
-34.04960603,150.7585753,Fast food
-34.04928375,150.7579447,Fast food
-34.03942705,150.7421422,Fast food
-34.03928103,150.7416664,Fast food
-34.03879243,150.7425683,Fast food
-34.0557622,150.693406,Fast food
-34.0561058,150.6936378,Fast food
-34.0546681,150.6944137,Fast food
-34.0793597,150.5704413,Fast food
-34.0552013,150.6946651,Fast food
-34.0549124,150.6944103,Fast food
-34.0539337,150.6975839,Fast food
-34.05306666,150.6988722,Fast food
-34.1683291,150.6114767,Fast food
-34.16709659,150.6122476,Fast food
-34.2040007,150.5716065,Fast food
-34.203524,150.5710917,Fast food
-34.224089,150.5921687,Fast food
-34.2299208,150.5874685,Fast food
-34.22250107,150.59331,Fast food
-34.22321446,150.593093,Fast food
-34.3225357,150.5732097,Fast food
-34.45159629,150.442769,Fast food
-34.6075667,150.2256634,Fast food
-34.7376122,150.5348137,Fast food
-34.7374552,150.5349453,Fast food
-34.7368366,150.5339953,Fast food
-34.54634589,150.3788789,Fast food
-34.7189446,150.000595,Fast food
-34.6077931,150.2296523,Fast food
-34.7180161,149.9973463,Fast food
-34.7188466,149.9955446,Fast food
-34.7189323,150.0007548,Fast food
-34.7189004,149.995326,Fast food
-34.7727717,149.6912363,Fast food
-34.7575011,149.7156482,Fast food
-34.9627341,149.9090401,Fast food
-34.7722364,149.6897606,Fast food
-34.74769249,149.7475505,Fast food
-34.77448697,149.6924967,Fast food
-34.7510405,149.7217651,Fast food
-34.75063589,149.7220449,Fast food
-34.8068169,148.883266,Fast food
-34.8068044,148.8826571,Fast food
-34.8272647,148.9090786,Fast food
-34.5295458,148.1640075,Fast food
-34.313489,148.2998728,Fast food
-34.3130475,148.3010505,Fast food
-34.3098048,148.301755,Fast food
-34.3126182,148.2998085,Fast food
-34.3128054,148.300566,Fast food
-35.3397785,149.0523426,Fast food
-35.3415117,149.0513053,Fast food
-35.3423027,149.0519058,Fast food
-35.3616614,149.0569308,Fast food
-35.3422467,149.0520224,Fast food
-35.3420804,149.0524236,Fast food
-35.3218115,149.0565801,Fast food
-35.2993056,149.0230657,Fast food
-35.3222113,149.0567995,Fast food
-35.34225036,149.0519765,Fast food
-35.33961142,149.0534681,Fast food
-35.32181813,149.0565555,Fast food
-35.380949,149.201018,Fast food
-35.3859688,149.2005051,Fast food
-35.3477439,149.2452949,Fast food
-35.3494303,149.242028,Fast food
-35.3496139,149.2415508,Fast food
-35.350119,149.2404122,Fast food
-35.3498134,149.2412878,Fast food
-35.3477952,149.2300925,Fast food
-35.4223886,149.2363609,Fast food
-35.3497251,149.2412145,Fast food
-35.3508735,149.2410722,Fast food
-36.3982936,148.4067384,Fast food
-36.4158947,148.6200639,Fast food
-36.4163884,148.6245399,Fast food
-36.4152491,148.6199831,Fast food
-35.9968828,148.7746735,Fast food
-36.2334318,149.1257533,Fast food
-36.2349777,149.1256025,Fast food
-36.2352509,149.1258798,Fast food
-36.2325664,149.1319953,Fast food
-36.2326805,149.1317281,Fast food
-36.2352103,149.1250742,Fast food
-36.2344658,149.1273572,Fast food
-36.23192769,149.1333791,Fast food
-36.0844862,146.9197877,Fast food
-36.0842586,146.9129774,Fast food
-36.0815012,146.9202006,Fast food
-36.0810591,146.9202167,Fast food
-36.0814949,146.9209867,Fast food
-36.0753969,146.9471804,Fast food
-36.0815292,146.9143905,Fast food
-36.0814879,146.9147365,Fast food
-36.0841925,146.9119306,Fast food
-36.0895764,146.9174878,Fast food
-36.0809122,146.9162782,Fast food
-36.0893953,146.9162232,Fast food
-36.0814936,146.915241,Fast food
-36.0815955,146.9152303,Fast food
-36.0814719,146.9145866,Fast food
-36.0406755,146.9352349,Fast food
-36.0485431,146.9348854,Fast food
-36.0461156,146.9414142,Fast food
-36.05104036,146.9355284,Fast food
-36.04059184,146.9283518,Fast food
-36.05014187,146.9354001,Fast food
-36.0487516,146.9374274,Fast food
-35.590226,146.5780988,Fast food
-35.9536563,146.888278,Fast food
-35.7305875,147.3083972,Fast food
-35.9954471,146.3908262,Fast food
-35.9898229,146.0046059,Fast food
-35.9937131,146.0012973,Fast food
-32.9804891,141.6223265,Fast food
-35.1142525,147.3703603,Fast food
-35.1192523,147.3683804,Fast food
-35.1407501,147.3760048,Fast food
-35.1413033,147.3760891,Fast food
-35.1718394,147.3810109,Fast food
-35.1672403,147.3828571,Fast food
-35.1671965,147.3831951,Fast food
-35.1142401,147.3702372,Fast food
-35.1414943,147.3755018,Fast food
-35.1295873,147.342077,Fast food
-35.11888049,147.3634499,Fast food
-35.12012386,147.3802911,Fast food
-35.12018062,147.3805549,Fast food
-35.11991322,147.3815466,Fast food
-35.1354661,147.4425459,Fast food
-35.7762536,148.010219,Fast food
-35.2213513,146.7156096,Fast food
-35.5181455,147.0364047,Fast food
-35.6673279,147.0369662,Fast food
-34.44099911,147.5308074,Fast food
-33.8750528,146.626374,Fast food
-33.9235927,147.2056292,Fast food
-34.2886997,146.055271,Fast food
-34.297223,146.0493972,Fast food
-34.2945192,146.0498029,Fast food
-34.55136358,146.3994601,Fast food
-34.55094237,146.38569,Fast food
-34.8060474,145.8827415,Fast food
-35.5263042,144.9634302,Fast food
-35.52742621,144.9612154,Fast food
-34.51040292,144.8436917,Fast food
-34.50763418,144.844167,Fast food
-35.8120037,145.5665987,Fast food
-35.2996239,148.2236051,Fast food
-35.3011093,148.219846,Fast food
-35.30115041,148.2256266,Fast food
-35.0844995,148.0919778,Fast food
-35.0041805,148.110307,Fast food
-35.0041523,148.1105845,Fast food
-35.0824711,148.0945816,Fast food
-35.0023593,148.1101695,Fast food
-35.0914908,144.0356882,Fast food
-35.0923699,144.0300794,Fast food
-34.171266,142.1826392,Fast food
-34.1736089,142.1930293,Fast food
-33.7898657,150.6688894,Fast food
-33.7879308,150.6679802,Fast food
-33.8834198,150.6933057,Fast food
-33.8401374,150.6492032,Fast food
-33.8651415,150.6407501,Fast food
-33.7873305,150.669177,Fast food
-33.7546993,150.713154,Fast food
-33.7596025,150.7202199,Fast food
-33.7477978,150.721698,Fast food
-33.7591186,150.7210166,Fast food
-33.7466572,150.7424087,Fast food
-33.7462794,150.7396121,Fast food
-33.7400697,150.7180019,Fast food
-33.7402278,150.7179775,Fast food
-33.7686164,150.7571584,Fast food
-33.7591026,150.7209152,Fast food
-33.7587147,150.7194127,Fast food
-33.7607098,150.7205436,Fast food
-33.7609339,150.7204998,Fast food
-33.7663117,150.7299267,Fast food
-33.7584397,150.7182415,Fast food
-33.74008641,150.7173658,Fast food
-33.76862459,150.7571604,Fast food
-33.7602017,150.6837689,Fast food
-33.769091,150.6756809,Fast food
-33.7589398,150.6836554,Fast food
-33.7699207,150.6761065,Fast food
-33.7553949,150.7072881,Fast food
-33.7549185,150.7072892,Fast food
-33.7554588,150.7066154,Fast food
-33.7669358,150.6489244,Fast food
-33.7592644,150.6842379,Fast food
-33.734477,150.6481468,Fast food
-33.7465655,150.6741456,Fast food
-33.7569601,150.6929753,Fast food
-33.7684508,150.6767303,Fast food
-33.7456898,150.6902389,Fast food
-33.743364,150.6546208,Fast food
-33.7529963,150.6571289,Fast food
-33.7516681,150.693843,Fast food
-33.7532966,150.6954553,Fast food
-33.7539682,150.6997311,Fast food
-33.7539487,150.6996543,Fast food
-33.7535609,150.6979495,Fast food
-33.7539852,150.6986491,Fast food
-33.75297123,150.657535,Fast food
-33.77818297,150.7107488,Fast food
-33.74313462,150.6554709,Fast food
-33.74370361,150.6554161,Fast food
-33.74423614,150.6553517,Fast food
-33.75711458,150.684526,Fast food
-33.8888303,150.6044097,Fast food
-33.5967455,150.7473292,Fast food
-33.59933855,150.7528075,Fast food
-33.5823187,150.7216095,Fast food
-33.5822304,150.7215173,Fast food
-33.5821385,150.7214198,Fast food
-33.6049601,150.8234561,Fast food
-33.6072138,150.8222031,Fast food
-33.6082672,150.7889415,Fast food
-33.6088514,150.8197953,Fast food
-33.64077368,150.7859958,Fast food
-33.64108856,150.7861852,Fast food
-33.64098522,150.7862801,Fast food
-33.78815748,150.7710455,Fast food
-33.7692708,150.7692892,Fast food
-33.763974,150.7755676,Fast food
-33.7480785,150.7777662,Fast food
-33.7444167,150.8365964,Fast food
-33.7440911,150.8423524,Fast food
-33.7443365,150.8357649,Fast food
-33.7373148,150.8531115,Fast food
-33.7356928,150.851188,Fast food
-33.7360683,150.8516993,Fast food
-33.74439003,150.8365654,Fast food
-33.71910918,150.8452485,Fast food
-33.730007,150.903152,Fast food
-33.730188,150.9028843,Fast food
-33.593666,150.916761,Fast food
-33.6231776,150.8364337,Fast food
-33.6272695,150.8389424,Fast food
-33.679148,150.8623442,Fast food
-33.6790861,150.8624718,Fast food
-33.6683446,150.865767,Fast food
-33.7162436,150.8426349,Fast food
-33.62515608,150.8374735,Fast food
-33.62558077,150.8376913,Fast food
-33.71644599,150.8450231,Fast food
-33.71633728,150.8449857,Fast food
-33.8016212,150.8871951,Fast food
-33.8024399,150.8817248,Fast food
-33.8024058,150.8811355,Fast food
-33.8016186,150.8877209,Fast food
-33.7730029,150.8766968,Fast food
-33.7487791,150.8796289,Fast food
-33.74813117,150.8801736,Fast food
-33.77221867,150.8575248,Fast food
-33.7193219,150.9202813,Fast food
-33.7296027,150.9215315,Fast food
-33.7251721,150.9392114,Fast food
-33.7432124,150.8102356,Fast food
-33.765013,150.8204243,Fast food
-33.7654288,150.8259242,Fast food
-33.7652092,150.8265092,Fast food
-33.7666779,150.8192222,Fast food
-33.7666824,150.8193402,Fast food
-33.77850013,150.8086725,Fast food
-33.77862339,150.8080814,Fast food
-33.76502909,150.8204224,Fast food
-33.76543061,150.8259344,Fast food
-33.78118185,150.8193608,Fast food
-33.78245155,150.8261108,Fast food
-33.7669387,150.6220688,Fast food
-33.7457735,150.6215681,Fast food
-33.745801,150.621712,Fast food
-33.7575549,150.6124803,Fast food
-33.7448402,150.6106855,Fast food
-33.7437687,150.6090755,Fast food
-33.7434377,150.6085191,Fast food
-33.7439469,150.6092148,Fast food
-33.745904,150.6137067,Fast food
-33.7575921,150.6128091,Fast food
-33.6937964,150.5474237,Fast food
-33.6990794,150.5680897,Fast food
-33.6990267,150.5674319,Fast food
-33.6989693,150.5671093,Fast food
-33.6989623,150.5670597,Fast food
-33.6989527,150.5647061,Fast food
-33.6989494,150.5645901,Fast food
-33.6711023,150.608546,Fast food
-33.712557,150.3120278,Fast food
-33.7286968,150.301224,Fast food
-33.7286955,150.3012814,Fast food
-33.7286981,150.3011571,Fast food
-33.7127148,150.3117169,Fast food
-33.7129039,150.3119791,Fast food
-33.7119006,150.3104362,Fast food
-33.7161333,150.3113426,Fast food
-33.7127156,150.3309234,Fast food
-33.7136338,150.3115118,Fast food
-33.7152454,150.3112261,Fast food
-33.7154352,150.3111899,Fast food
-33.7129112,150.3120225,Fast food
-33.7141191,150.310466,Fast food
-33.7126092,150.319418,Fast food
-33.7125429,150.320569,Fast food
-33.7102175,150.3757781,Fast food
-33.7089647,150.3757231,Fast food
-33.7201888,150.4290216,Fast food
-33.6364825,150.2851547,Fast food
-33.6349007,150.2849389,Fast food
-33.4896947,150.1333236,Fast food
-33.4816224,150.1363291,Fast food
-33.4822342,150.1535278,Fast food
-33.4819881,150.1543825,Fast food
-33.4819628,150.1544539,Fast food
-33.4817124,150.1558433,Fast food
-33.4815429,150.1371547,Fast food
-33.48037608,150.1370661,Fast food
-33.48097687,150.1373493,Fast food
-33.835374,148.6944032,Fast food
-33.82589441,148.6966525,Fast food
-33.83567797,148.6804481,Fast food
-33.4184785,149.5803267,Fast food
-33.4291955,149.5767415,Fast food
-33.4060017,149.5998275,Fast food
-33.4192329,149.6087258,Fast food
-33.4107021,149.5680088,Fast food
-33.4161801,149.5829485,Fast food
-33.4221528,149.5790482,Fast food
-33.4183084,149.5805487,Fast food
-33.4166895,149.5783821,Fast food
-33.4043891,149.5454203,Fast food
-33.41481945,149.5832296,Fast food
-33.41430643,149.5827513,Fast food
-33.41606867,149.5839476,Fast food
-33.4153859,149.5822129,Fast food
-33.4199165,149.6180701,Fast food
-33.6736384,149.0469544,Fast food
-33.2921155,149.1112523,Fast food
-33.29245,149.1114581,Fast food
-33.2931836,149.1127867,Fast food
-33.2756699,149.0880164,Fast food
-33.2546915,149.102605,Fast food
-33.253641,149.1011748,Fast food
-33.2831854,149.0958015,Fast food
-33.28576409,149.105768,Fast food
-33.28266811,149.094897,Fast food
-33.28610794,149.1069176,Fast food
-33.8957769,148.1651084,Fast food
-32.5492479,148.9406386,Fast food
-32.5497327,148.9412138,Fast food
-32.5523957,148.9419424,Fast food
-32.5553049,148.9426704,Fast food
-32.55554789,148.9453538,Fast food
-30.9524018,148.3888633,Fast food
-32.2529213,148.6012059,Fast food
-32.2528123,148.6019731,Fast food
-32.2530891,148.602343,Fast food
-32.249034,148.5932264,Fast food
-32.2534909,148.6059895,Fast food
-32.243441,148.6079879,Fast food
-32.2740924,148.5866736,Fast food
-32.2499697,148.6000266,Fast food
-32.25145841,148.5902649,Fast food
-32.26048515,148.6477521,Fast food
-32.25069658,148.5887229,Fast food
-31.6535047,144.2684322,Fast food
-29.0102143,145.7128186,Fast food
-31.8225148,149.119044,Fast food
-33.4078276,150.067156,Fast food
-32.8590343,149.9720107,Fast food
-32.8586161,149.9741548,Fast food
-32.5998026,149.5873467,Fast food
-32.5978722,149.5876594,Fast food
-32.5923091,149.5881197,Fast food
-32.5925295,149.5885104,Fast food
-32.5928727,149.5877721,Fast food
-32.7536512,148.6478766,Fast food
-33.1412704,148.1722426,Fast food
-33.1341058,148.1740209,Fast food
-33.1412723,148.1712175,Fast food
-33.3804276,148.0108768,Fast food
-33.3844127,148.0076489,Fast food
-33.3840129,148.0082376,Fast food
-33.3840779,148.0081773,Fast food
-32.3921247,142.4173168,Fast food
-31.9624903,141.4498939,Fast food
-31.7797069,142.2273623,Fast food
-30.6103244,141.966824,Fast food
-31.9522395,141.4635223,Fast food
-31.9525392,141.4637742,Fast food
-31.9573603,141.4407656,Fast food
-31.95084,141.4630188,Fast food
-31.9517037,141.4630516,Fast food
-31.95637027,141.469445,Fast food
-36.10376409,147.0365678,Fast food
